country,1960,1961,1962,1963,1964,1965,1966,1967,1968,1969,1970,1971,1972,1973,1974,1975,1976,1977,1978,1979,1980,1981,1982,1983,1984,1985,1986,1987,1988,1989,1990,1991,1992,1993,1994,1995,1996,1997,1998,1999,2000,2001,2002,2003,2004,2005,2006,2007,2008,2009,2010,2011,2012,2013,2014,2015,2016,2017,2018,2019,2020
Afghanistan,,,,,,,,,,,,,,,,,,,,,,,,,,,,,,,,,,,,,,,,,,,,,,12.68626872,6.78459655,8.680570785,26.41866415,-6.811161089,2.178537524,11.80418581,6.441212809,7.385771784,4.673996035,-0.661709165,4.383891955,4.975951506,0.626149149,2.302372515,6.124619936
Aruba,,,,,,,,,,,,,,,,,,,,,,,,,,4.032258056,1.073966408,3.643045458,3.121868496,3.991628046,5.836687752,5.555555556,3.87337537,5.21555996,6.311079713,3.361391073,3.225287972,2.999948098,1.869488536,2.280371983,4.044021312,2.883604303,3.315246786,3.656365079,2.529129469,3.397786778,3.608024388,5.392567845,8.955987052,-2.13542872,2.078140719,4.316297422,0.627471993,-2.372065243,0.421440919,0.474763597,-0.931195987,-1.028281788,3.626041414,4.257462043,
Australia,3.728813559,2.287581699,-0.319488818,0.641025641,2.866242038,3.405572755,3.293413174,3.47826087,2.521008403,3.278688525,3.439153439,6.138107417,6.024096386,9.090909091,15.41666667,15.16245487,13.32288401,12.30982019,8.004926108,9.122006842,10.13584117,9.487666034,11.35181976,10.03891051,3.96039604,6.734693878,9.050350542,8.533021625,7.215939688,7.533902562,7.333021952,3.17667537,1.012231126,1.753653445,1.969634797,4.6277666,2.615384615,0.224887556,0.86013463,1.483129403,4.457435148,4.407135362,2.981574539,2.732595966,2.343255225,2.691831683,3.555287737,2.327611289,4.35029855,1.771117166,2.918340027,3.303850156,1.762780156,2.449888641,2.487922705,1.508366722,1.276990945,1.948647409,1.911400944,1.610767873,0.846905537
Bahamas,,,,,,,,5.437756499,4.541031463,8.935774123,6.152093421,4.614971827,6.830811319,5.481754162,13.07184584,10.359635,4.255836576,3.189876371,6.109070359,9.091393268,12.09783723,11.1144985,6.012621017,4,3.966346154,4.605009634,5.433781544,5.756464011,4.402411828,5.387658228,4.66931912,7.114681202,5.738198862,2.72289767,1.399334237,2.066994954,1.379137412,0.544150383,1.336613366,1.25424826,1.606329417,2.044989775,2.173577925,3.025045263,0.981914037,1.591606181,2.389826274,2.492577949,4.489559954,2.062734735,1.344027384,3.198781417,1.97336756,1.034670351,1.183177822,1.878438324,-0.330038396,1.499926233,2.267515101,2.491235274,0.038521098
Belgium,0.299467255,0.992676261,1.404607035,2.148003413,4.168760586,4.065201375,4.174347619,2.730302686,2.701449829,3.753992291,3.908472385,4.343628546,5.448431284,6.955280087,12.67788775,12.76819859,9.068609811,7.096000591,4.470593316,4.469083949,6.648688297,7.627486568,8.726549066,7.661609837,6.34177491,4.868733995,1.294368191,1.553382613,1.160934934,3.107050651,3.44831218,3.215310693,2.427955672,2.754426435,2.377540845,1.467966991,2.077021074,1.628160495,0.949250288,1.120848234,2.544517762,2.469258231,1.645214362,1.588964,2.097283112,2.781432637,1.791207701,1.8230563,4.489444205,-0.053145674,2.189299204,3.532082107,2.839663434,1.11309594,0.340002833,0.561429153,1.973852647,2.12597086,2.053164999,1.43681957,0.740791812
Brazil,,,,,,,,,,,,,,,,,,,,,,101.725073,100.5433592,135.0276822,192.1217331,225.9896652,147.1428262,228.3361626,629.1145091,1430.723725,2947.732772,432.7866619,951.9620531,1927.38079,2075.888398,66.00703355,15.7576656,6.926712516,3.195076293,4.858447499,7.044141059,6.840359025,8.450164377,14.71491972,6.5971851,6.869537209,4.183568129,3.641272991,5.678593903,4.888034799,5.038726901,6.636449622,5.40349914,6.204310666,6.329040155,9.029901024,8.739143523,3.44637335,3.664850284,3.732976212,3.211768038
Bulgaria,,,,,,,,,,,,,,,,,,,,,,,,,,,2.7,2.726387537,2.369668246,6.388888889,23.8,338.4491115,91.29793273,72.87879139,96.05733827,62.05483368,121.6075424,1058.373559,18.67220444,2.573042819,10.31626213,7.360939272,5.810143657,2.348641696,6.147130742,5.038838071,7.261594628,8.40253419,12.3487196,2.753202239,2.438990605,4.219903466,2.954568298,0.890093541,-1.418183803,-0.104633261,-0.79874909,2.064355063,2.811868406,3.103729448,1.673412014
Cambodia,,,,,,,,,,,,,,,,,,,,,,,,,,,,,,,,,,,,-0.798944338,7.150861409,7.960213978,14.80650354,4.008207021,-0.791992529,-0.6006483,3.225083615,1.210011336,3.924781663,6.349255065,6.143255757,7.66839343,24.99717885,-0.661307602,3.99623008,5.478587304,2.932724618,2.94260016,3.855238553,1.221270061,3.04541464,2.890924692,2.4579649,,
Cameroon,,,,,,,,,,-1.101591187,5.858085809,4.014029618,8.092918696,10.3847487,17.23293349,13.55332941,9.930650564,14.69830916,12.46305234,6.580610819,9.551754276,10.7275,13.25701986,16.63122641,11.37332209,8.508374344,7.770024987,13.14049984,1.682332608,-1.665525896,1.099381284,0.060051331,-0.016055046,-3.206554569,35.09446185,9.069690719,3.924063727,4.786238819,3.170751854,1.871745007,1.22719013,4.419772459,2.834422601,0.623163557,0.23364738,2.013539502,5.11757816,0.921402246,5.337806276,3.043618479,1.275380462,2.939699463,2.742534075,2.05908684,1.834130781,2.685982772,0.861740258,0.642673522,1.074299452,2.452802141,2.437608822
Canada,1.358695652,1.018766756,1.061571125,1.628151261,1.912144703,2.332657201,3.815659068,3.579952267,4.055299539,4.561558902,3.346039814,2.704918033,4.988028731,7.487647282,10.99717115,10.6721886,7.54173863,7.976445396,8.973723352,9.144676979,10.12922051,12.47161241,10.7689719,5.86358803,4.304778304,3.962030541,4.194786291,4.356108712,4.028234149,4.9836219,4.780476933,5.625864086,1.490132904,1.865079365,0.165562914,2.148760331,1.570531125,1.621216381,0.995942457,1.734842951,2.719439957,2.52512014,2.258394409,2.758563214,1.857258719,2.213552034,2.002025395,2.138383993,2.370270674,0.299466803,1.776871541,2.912135089,1.515678231,0.938291898,1.906635907,1.125241361,1.428759547,1.596884129,2.268225672,1.949269024,0.716999632
Chile,,,,,,,,,,,,20.0522312,77.79574048,352.8109866,504.7385412,374.7352742,211.9243022,91.95413256,40.08722463,33.38921901,35.13834053,19.68683271,9.94102693,27.25719467,19.86020566,30.70349891,19.47683792,19.88084572,14.68435125,17.02793673,26.03648114,21.78441243,15.42580647,12.72776695,11.44311964,8.232630341,7.359117818,6.133864644,5.110249545,3.336879175,3.843272957,3.56910053,2.489398167,2.810178757,1.054738714,3.052576214,3.392017337,4.407799384,8.71626873,0.353045178,1.41071108,3.341216943,3.007448402,1.78955554,4.718675279,4.348773532,3.786193559,2.182718469,2.434889814,2.557544757,3.045490848
China,,,,,,,,,,,,,,,,,,,,,,,,,,,,7.233835531,18.81181794,18.24563836,3.052290121,3.556685652,6.35398134,14.61007864,24.25698972,16.79122517,8.313160289,2.786465055,-0.773186012,-1.401472683,0.347811227,0.719125609,-0.731970902,1.127603487,3.824637431,1.776414077,1.649430995,4.816767674,5.92525137,-0.728165251,3.175324753,5.553898923,2.619524326,2.621050017,1.921641628,1.437023809,2.000001822,1.593136001,2.0747904,2.899234164,2.419421895
Colombia,5.814076282,8.283190456,4.697093951,26.35543553,17.07243522,7.590683669,16.72816827,8.328191364,7.447538783,6.98166308,6.908622758,12.05673759,12.02531646,22.59887006,22.58064516,25.18796992,18.91891892,34.09090909,17.51412429,24.19871795,26.58064516,27.52293578,24.70023981,19.48717949,16.36266094,23.97418165,18.85459279,23.31038798,28.14006597,25.86138614,29.13782253,30.34844055,27.0305636,22.44132146,22.84718466,20.8971286,20.79708679,18.46256908,18.68125654,10.87339782,9.222570802,7.969702931,6.351925074,7.130741686,5.901261815,5.051420287,4.292450118,5.545141282,6.998550403,4.201044769,2.271183264,3.417589591,3.167325603,2.018098479,2.897818744,4.990234275,7.514293228,4.312141032,3.240234138,3.525492736,2.524620535
Czech Republic,,,,,,,,,,,,,,,,,,,,,,,,,,,,,,,,,11.08650007,20.81302954,10.03942984,8.990523615,8.758774729,8.596156667,10.69836553,2.135448444,3.775388292,4.66267557,1.90298097,0.118739206,2.760107817,1.857097891,2.533992583,2.853124372,6.358663802,1.019377353,1.472727273,1.917219136,3.287623066,1.438297872,0.34398859,0.309364548,0.683504209,2.450533985,2.149494949,2.847875959,3.161295285
Denmark,1.255230126,3.451628586,7.377819548,6.105032823,3.092783505,5.449999999,7.064959697,8.207853558,8.005207104,3.487919244,6.514841417,5.869869591,6.562360903,9.30338298,15.27520622,9.605612075,9.010290836,10.92223781,10.21365457,9.611050379,12.30532408,11.76738743,10.12082568,6.908228812,6.29077936,4.678751452,3.678184119,4.019993457,4.53513301,4.772723424,2.641603064,2.395153317,2.096044429,1.25785668,1.992014638,2.083608424,2.126298023,2.182166779,1.84565122,2.497795444,2.903282032,2.337870003,2.424436612,2.075078206,1.154356931,1.817814583,1.924221385,1.693265862,3.416267943,1.30470991,2.31092437,2.758682261,2.397914857,0.78907178,0.56402054,0.452034154,0.25,1.14713217,0.813609467,0.758131573,0.420711974
Dominican Republic,-3.5621918,-3.900000001,9.157127992,8.579599619,2.107111501,-1.891659501,0.262927257,1.238344989,0.035976399,0.956628066,3.816666666,3.580028897,8.640731556,15.07953492,13.14076737,14.50172574,7.765550239,12.85352751,3.477850342,9.173805134,16.75313569,7.514638907,7.646243066,5.628623294,20.15167811,45.33617555,7.638972666,13.55072378,43.86383235,40.65791612,50.46247924,47.07915741,4.259026389,5.250338807,8.260767986,12.53595946,5.39929385,8.296567548,4.831665586,6.470541868,7.724135662,8.883068488,5.223367698,27.44971274,51.46085983,4.190202605,7.572805239,6.143566552,10.6446211,1.442151318,6.329932201,5.796714669,3.694549458,4.830950967,2.998642261,0.836746347,1.614166072,3.279556947,3.56443426,1.81060377,3.781031795
South Korea,,,,,,,,,,,,,,,,,,,,,,,,,,,,,,6.462561711,7.333021952,6.469135802,6.212678645,4.526401585,5.649908939,4.6277666,5.52480986,3.727657602,4.276250938,1.741052144,1.591969175,2.625816304,2.32033006,1.804349946,3.23751394,3.037023326,3.936162599,3.449432046,8.342086349,1.455239248,2.928760693,4.718417047,2.776124472,2.449888641,2.510876333,0.724470135,1.253698801,1.671516388,2.184516735,1.619631902,
Indonesia,,,,,,,,,,,,,,,,,,,,,,,,,,,,,,,,,,5.620668359,8.585477108,5.818181818,7.313482593,5.608028434,8.614831536,4.290728517,2.158518106,3.838284639,3.225083615,3.125444736,4.229497702,5.444812131,4.866320488,4.816767674,10.44698751,4.219030521,3.534912392,5.159004977,3.014899503,2.621050017,3.142990509,0.724470135,1.596914927,2.853187726,2.394464348,2.621399391,
Egypt,0.332829047,0.693606755,-3.003076588,0.746645708,3.660982949,14.83900446,9.036440658,0.701897484,-1.675759425,3.409820282,3.762898596,3.140421714,2.102363346,5.112184039,10.02431775,9.669695482,10.31741589,12.73216279,11.07810038,9.904360512,20.81922493,10.31728422,14.82300885,16.07987388,17.03636638,12.10675606,23.86428982,19.69359331,17.66348615,21.26186709,16.75637471,19.74854482,13.63742417,12.08979229,8.154231286,15.7422305,7.187103697,4.625605788,3.872575464,3.079499126,2.683805353,2.269757205,2.73723855,4.507776363,11.27061933,4.869396969,7.644526445,9.318969058,18.31683168,11.76349544,11.26518827,10.06492599,7.111729433,9.469719811,10.07021547,10.37049034,13.81360621,29.50660839,14.40146578,9.152799593,5.04493289
Finland,1.53661156,2.103561662,2.843280086,2.876322462,3.387662311,3.908026394,3.533058578,3.18331504,2.764864473,2.691994586,4.639353444,5.016319277,5.878446818,7.689289918,12.67788775,10.21748053,9.068609811,9.494554672,7.71114118,8.976412347,13.51756058,11.93566298,9.738938336,8.771146561,7.859022506,5.613298527,3.752611717,3.654445835,3.982199663,5.516277402,5.479331845,5.934211113,6.510219531,5.818973307,5.069426738,4.550224344,3.78290876,3.358711182,2.494135066,2.233763065,3.15097385,3.48190097,2.444879902,2.095235291,2.325789554,2.523928987,2.720047505,2.60773342,4.211796827,0.9293198,1.665502017,3.288014272,2.630127758,1.200138893,0.190943072,-0.054214713,0.166009884,1.469301996,1.775780093,1.636291313,0.50668989
France,4.139935755,2.400461045,5.331280071,4.999152898,3.211191703,2.703104559,2.602000766,2.791777094,4.543204864,6.045962842,5.299641246,5.397518656,6.063003097,7.380601064,13.64931747,11.68592725,9.625495782,9.494554672,9.250558467,10.64673417,13.56257885,13.31440557,11.97847195,9.459548472,7.673802622,5.831099739,2.538525918,3.288898214,2.700815275,3.498302207,3.19428338,3.213407324,2.363760463,2.104462771,1.655515329,1.796481421,1.982883651,1.20394294,0.651126868,0.537141639,1.675959887,1.634780795,1.923412287,2.098472191,2.142089646,1.745869364,1.675124496,1.48799806,2.812861949,0.087620478,1.531122704,2.111597952,1.954195316,0.863715498,0.507758823,0.037514381,0.183334861,1.032282751,1.850815083,1.108254923,0.476498853
Georgia,,,,,,,,,,,,,,,,,,,,,,,,,,,,,,,,,,,,162.7171522,39.3575,7.087617629,3.566807813,19.19267582,4.063962014,4.646044421,5.5878373,0.837734532,5.656326362,8.247090431,9.160965084,9.244897456,9.999487616,1.727514611,7.110178975,8.542933333,-0.943658853,-0.512058411,3.068812104,4.003578207,2.134927139,6.035317253,2.615244714,4.852898217,5.20246489
Germany,1.53661156,2.293675796,2.843280086,2.966960863,2.335728095,3.242329385,3.533058578,1.796045507,1.470304392,1.912663946,3.450241667,5.240974171,5.484936719,7.032025724,6.986432425,5.910328845,4.246634608,3.734168424,2.718690536,4.043622006,5.441056191,6.34424092,5.241047126,3.293414603,2.405795069,2.066230732,-0.129412805,0.24990616,1.274123972,2.780559807,2.696471378,4.047036816,5.056979322,4.474575055,2.693057381,1.706160524,1.449726473,1.939369425,0.911185301,0.585433144,1.440268187,1.983856936,1.420805605,1.034227766,1.665733409,1.546909652,1.577428259,2.298341797,2.628381749,0.31273763,1.103809161,2.075174525,2.008490922,1.50472098,0.906797949,0.51442054,0.491748625,1.509496558,1.732167661,1.445667015,0.50668989
Greece,1.47783379,2.103561662,-0.475436213,3.184716045,0.617284452,3.220861496,4.903408334,1.841330313,0.139057819,2.638886495,2.841681991,3.28947824,4.331215999,15.38463516,26.56083438,13.62876803,13.02429447,12.36977333,12.57243712,19.09417785,24.67589123,24.50606684,20.99108482,20.17948325,18.45685214,19.31465181,23.01544655,16.3968916,13.52883553,13.65556787,20.43349964,19.45584256,15.87706538,14.41127089,10.87407898,8.934511217,8.194548902,5.536006784,4.766221864,2.636637863,3.15118063,3.37396699,3.629358946,3.530651885,2.898848959,3.54507354,3.19594393,2.895001475,4.152797447,1.210084518,4.712972862,3.329864062,1.501527961,-0.922168807,-1.311210501,-1.736036796,-0.825651782,1.121235477,0.625629147,0.252978044,-1.247951877
Hong Kong,,,,,,,,,,,,,,,,,,,,,,,10.97046414,9.885931559,8.650519031,3.503184713,3.384615385,5.654761905,7.887323944,10.18276762,10.42654028,11.15879828,9.652509653,8.802816901,8.737864078,9.077380952,6.275579809,5.776636714,2.912621359,-4.009433962,-3.685503686,-1.658163265,-2.983138781,-2.673796791,-0.274725275,0.826446281,2.01411015,2.030117122,4.296490653,0.576519916,2.313705055,5.276561068,4.063860668,4.323570432,4.438502674,2.995391705,2.411135968,1.480582524,2.407717452,2.864927988,0.32543707
Hungary,,,,,,,,,,,,,,3.387978142,1.797040168,3.842159918,5.228398333,3.908895696,4.687142749,8.976412347,9.285857439,4.661413944,6.835805083,7.279895733,8.467854876,6.942345019,5.291661701,8.674314177,15.72354907,17.149152,28.36959965,34.81754291,23.65572078,22.46423461,18.86807499,28.30546837,23.46903019,18.30507441,14.15378965,9.997744093,9.803610169,9.116809117,5.265448216,4.661016949,6.744346796,3.561517114,3.930326038,7.958745165,6.042512539,4.211711712,4.855557957,3.929920989,5.652145171,1.73319985,-0.227566271,-0.06164468,0.394769307,2.348242812,2.850247926,3.338586354,3.326743858
Iceland,1.988400809,4.711608746,11.01630006,12.92801598,19.24505104,7.317072443,10.68664742,3.320220946,,,,,,,,,,30.31674127,43.74999829,44.4444558,58.52842609,51.7932416,50.24322639,83.95004619,30.85239708,31.99462902,22.12840119,18.29776822,25.72550909,20.75819503,15.51072199,6.808778879,3.947711768,4.042852911,1.552656275,1.651231501,2.260418983,1.815430803,1.65924171,3.231832609,5.136471232,6.405085504,5.197022302,2.055663298,3.158193243,3.987047828,6.687079061,5.051557365,12.69439428,12.00312985,5.396731132,4.001026643,5.185899888,3.872279237,2.044614815,1.633055582,1.69692762,1.760415592,2.682917683,3.013971792,2.847924015
India,1.779877847,1.695212939,3.632214971,2.946161357,13.35526115,9.474758592,10.80184835,13.06220248,3.237412426,-0.58413661,5.09226162,3.079938684,6.442097462,16.94081598,28.59873408,5.748430298,-7.633947634,8.307470092,2.523048757,6.275683368,11.34607348,13.1125469,7.890742794,11.8680813,8.318907119,5.556424232,8.729720727,8.801125813,9.383471862,7.074280029,8.971232503,13.87024618,11.78781704,6.326890488,10.24793556,10.22488616,8.977152338,7.164252115,13.23083898,4.66982038,4.00943591,3.779293122,4.297152039,3.805858995,3.767251735,4.24634362,5.796523376,6.372881356,8.349267049,10.88235294,11.98938992,8.858360966,9.312445605,11.06367478,6.649500151,4.906973441,4.948216341,3.328173375,3.945068664,3.723276483,6.623436776
Iran,9.822410813,3.162564396,0.721320572,0.371849607,3.814489572,2.154374835,-0.388148532,1.59761008,0.690360522,3.593194516,1.66687094,4.195298373,6.398241351,9.819486733,14.24893554,12.87918183,11.25614251,27.28778468,11.7219692,10.48723673,20.64391444,24.20358976,18.68972593,19.74018918,12.54021945,4.389340957,18.42900302,28.57142857,28.67063492,22.34965305,7.627674938,17.12856794,25.80772262,21.20263075,31.44702842,49.65598585,28.93734402,17.34922575,17.86613421,20.07070781,14.47675132,11.27424713,14.33593374,16.46801162,14.7615087,13.43311801,10.01589825,17.34104046,25.41050903,13.55155483,10.08936293,26.29338567,27.25681272,36.60303552,16.60655324,12.48468156,7.24542549,8.044924377,18.01411834,39.90734557,
Ireland,0.450837269,2.756999359,4.263727121,2.453620587,6.717289719,4.988123515,3.054298641,3.18331504,4.680851064,7.418699186,8.207190161,8.961748634,8.605817453,11.41485039,16.97612732,20.87585034,17.98569586,13.47222526,7.71114118,13.29545399,18.1544433,20.37352289,17.1471142,10.44762952,8.651113838,5.395497315,3.827039315,3.159407641,2.134571569,4.08904273,3.317321299,3.210817028,3.069997435,1.469420884,2.309198751,2.52486728,1.753732139,1.525605217,2.415517872,1.631923764,5.5907173,4.872904873,4.614733277,3.49048968,2.199628507,2.429691984,3.931639895,4.897115644,4.060304951,-4.478103392,-0.922095829,2.557188832,1.696208973,0.508714869,0.182542317,-0.289879079,0.008306338,0.340531561,0.488370168,0.939044481,-0.334584625
Israel,2.228112421,6.789823404,9.408194068,6.581137365,5.172750423,7.708333264,7.930367544,1.70609316,2.079221858,2.458054256,6.110742036,11.97266084,12.88149859,20.03232027,39.67999164,39.30676553,31.31087341,34.61666665,50.55094712,78.31003293,131.0250202,116.8086561,120.3643911,145.6375371,373.8205135,304.5841682,47.96488428,19.09385113,16.44021739,20.3033839,17.26479146,19.02398677,12.02223767,10.98014888,12.27874045,9.940258878,11.39622642,8.956639566,5.496828753,5.175055994,1.053575432,1.15350488,5.756578947,0.725764645,-0.411734431,1.312661499,2.060803918,0.459816074,4.55721393,3.340312143,2.716640575,3.478572709,1.689481892,1.576211979,0.486495554,-0.634390651,-0.546034946,0.244953121,0.817323896,0.844128709,-0.5884303
Italy,2.350161414,2.050697313,4.691143607,7.454718225,5.912322532,4.519268307,2.346588934,3.733338321,1.277313354,2.657252734,4.968319873,4.791664383,5.749503937,10.79861745,19.15976959,16.95050257,16.61416647,17.13004879,12.09401384,14.79857357,21.06416828,17.96929875,16.48041462,14.64657667,10.79449601,9.205991443,5.823546919,4.747284904,5.058247477,6.25983138,6.456609061,6.249999298,5.270589986,4.626734683,4.051842181,5.23542258,4.00697669,2.043107798,1.955085577,1.66345995,2.537685321,2.785165427,2.465323192,2.672555528,2.206736614,1.985292985,2.09084391,1.829741122,3.347832584,0.774768131,1.525516021,2.780632729,3.041363332,1.219993423,0.24104743,0.0387904,-0.094016657,1.226533166,1.137487636,0.611246944,-0.137707574
Japan,3.574511525,5.368461785,6.835440348,6.706905564,3.800389453,6.655990943,5.040832059,3.989848089,5.339432957,5.249820911,6.924173835,6.395348837,4.843517139,11.60862355,23.22224581,11.73126615,9.374036386,8.161826896,4.209566011,3.701850925,7.778581766,4.912162918,2.741040956,1.899719713,2.261613692,2.032277346,0.595586799,0.126176842,0.67855758,2.272289621,3.078516287,3.251438488,1.760283061,1.243045897,0.695458058,-0.127899045,0.136600359,1.747804587,0.661974191,-0.341296928,-0.676578684,-0.740055504,-0.923494027,-0.256541816,-0.008573388,-0.282946069,0.249355116,0.060039454,1.380078862,-1.35283673,-0.719979429,-0.267633601,-0.051939058,0.346440326,2.761954083,0.78951789,-0.116666667,0.467211747,0.97990367,0.476973684,-0.016369291
Kenya,1.243781095,2.457002457,3.117505995,0.697674419,-0.099304867,3.578528828,5.014395393,1.759195796,0.36671157,-0.171501007,2.188527039,3.780206125,5.831644743,9.281194223,17.80994803,19.12018401,11.44903049,14.82096448,16.93178246,7.979352618,13.85818146,11.60305344,20.66671467,11.39778274,10.28409821,13.00656642,2.534275989,8.63767319,12.26496305,13.78931728,17.78181443,20.08449558,27.33236445,45.9788813,28.81438943,1.554328161,8.864087416,11.36184505,6.722436508,5.742001095,9.980025154,5.738598143,1.961308217,9.81569063,11.62403554,10.31277836,14.45373421,9.75888023,26.23981664,9.234125924,3.961388891,14.02249396,9.377767482,5.71749357,6.878154993,6.582174403,6.297157525,8.005722791,4.689819761,5.235859994,5.404814672
Kyrgyzstan,,,,,,,,,,,,,,,,,,,,,,,,,,,,,,,,,,,,,31.94733772,23.43542785,10.45738258,37.03092584,18.70073428,6.919679894,2.134209863,2.974612952,4.110650847,4.338673918,5.552123332,10.23010327,24.52010242,6.836562481,7.967722256,16.63632627,2.768442365,6.613752024,7.534247298,6.50331839,0.388838297,3.175309864,1.542661452,1.133622577,6.325422963
Argentina,,,,,,,,3.016948475,4.093891431,2.629340837,4.652297493,4.784114382,6.671177665,13.61831735,22.95099971,16.77357032,9.793653275,10.68895742,10.30612922,14.72217037,17.91992414,14.44972491,8.397681559,10.91288722,11.72748875,15.05917603,11.83042108,12.32321328,8.266765744,11.43213181,21.73994434,21.78441243,11.21448138,10.74864672,10.58580665,10.66095487,8.57401911,7.047338847,5.189642508,3.469659963,4.686027358,4.359340652,3.750174658,3.811106244,4.32326493,4.690948709,4.267174634,4.985326784,8.254102024,2.591946734,3.522833036,5.042434265,3.898495879,2.606252636,3.314187885,2.133579326,1.689327289,2.312249,2.379517334,2.31419435,
Libya,,,,,,11.425,12.24291377,7.296108742,0.391231447,9.785970555,-5.296371422,-3.103849408,-0.251023192,7.970895563,7.458451561,9.119200301,5.47921528,6.280213028,29.37979416,-6.03902875,9.734288795,11.19972261,10.25880886,10.60520362,12.47762721,9.138440555,3.290981046,4.355716878,6.086956522,1.511839709,8.451462408,11.8960953,9.35975159,11.07355327,5.112598904,7.237984945,4.028077754,3.550295858,3.709273183,2.648622523,-2.9,-8.813937521,-9.797647059,-2.19115192,-2.197567741,2.650205761,1.459268762,6.25098783,10.3607289,2.459900256,2.799895001,15.51848153,6.059803922,2.605818027,,,,,,,
Mexico,4.927518869,1.608759691,1.198984178,0.594055008,2.337903172,3.568038657,4.215788377,3.016948475,2.333950935,3.367003367,5.003412055,5.469028994,4.943692364,12.08193946,23.78401544,14.94453464,15.82472249,29.06412471,17.45729257,18.1912463,26.35165136,27.9337626,58.91341985,101.8749384,65.44880713,57.7484484,86.23331699,131.8273839,114.1622585,20.00787671,26.65167256,22.66235946,15.50789625,9.751460454,6.965812372,34.99927129,34.37838322,20.62562873,15.92839501,16.58561697,9.491561494,6.367738062,5.030727332,4.546900121,4.688408848,3.988057146,3.629467624,3.966849055,5.124982746,5.297355842,4.156727227,3.407378246,4.111509811,3.806390697,4.018616081,2.72064065,2.821707847,6.04145724,4.899350154,3.635961421,3.396834156
Netherlands,2.323943662,1.307639367,2.4311452,3.243659328,5.823766469,3.908026394,5.762146554,3.455320053,3.720791771,7.421797364,3.668918202,7.477692552,7.802791435,8.02220375,9.591424843,10.21748053,8.830643559,6.39930319,4.112013169,4.199292962,6.513456863,6.738929551,5.91109324,2.740842825,3.30163842,2.258584013,0.083347949,-0.691203091,0.737943046,1.082160156,2.454089859,3.158197519,3.183585695,2.584181156,2.801526937,1.923224572,2.113787871,2.109245627,1.959136323,2.157179181,2.360522338,4.155841272,3.287531047,2.09199839,1.263647392,1.688130179,1.101501065,1.613858598,2.486501983,1.18977687,1.275305696,2.341070178,2.455547653,2.506898527,0.97603508,0.600248147,0.316666667,1.381458714,1.703497947,2.633699102,1.272460378
New Caledonia,,,,,,,,,,,,,,,,,,,,,,,,,,,,,,,,,,,,,,,,,,,,,,,,,,,,2.428996938,1.749672346,1.27761319,0.178851061,0.570508141,0.578317436,,,,
New Zealand,0.697929234,1.79770429,2.68085397,1.968498504,3.474905477,3.397489756,2.755480775,6.056920063,4.311924966,4.925242427,6.517181052,10.38756832,6.932804592,8.166669273,11.10940201,14.68498347,16.90685701,14.38354942,11.95661797,13.69959502,17.15054542,15.37015958,16.16369412,7.341075861,6.171253479,15.41765557,13.21339806,15.74430079,6.375249444,5.715991551,6.098444148,2.60239286,1.014560272,1.288207766,1.745377908,3.754944137,2.285713054,1.187148331,1.265244099,-0.11426713,2.615234462,2.625816304,2.677092577,1.753574448,2.290249028,3.037023326,3.365401962,2.376143103,3.958949373,2.115651106,2.30202386,4.027906674,1.059913184,1.134422664,1.227507506,0.292704628,0.646240284,1.850787675,1.598297038,1.619631902,1.7145617
Nigeria,5.444327362,6.279147235,5.265632346,-2.694655352,0.856793146,4.103458738,9.690346084,-3.726336765,-0.476059059,10.1559792,13.75707992,15.99911485,3.457649752,5.402664454,12.67439318,33.96418832,24.3,15.08783406,21.70924574,11.70973062,9.97226199,20.81282291,7.697747247,23.21233155,17.82053329,7.435344828,5.717151454,11.29032258,54.51122478,50.46668812,7.364400306,13.0069731,44.58884272,57.16525283,57.03170891,72.8355023,29.26829268,8.529874214,9.996378124,6.618373395,6.933292156,18.87364621,12.8765792,14.03178361,14.99803382,17.86349337,8.22522152,5.388007969,11.58107517,12.55496039,13.72020184,10.84002754,12.21778174,8.475827285,8.062485824,9.009387183,15.67534055,16.52353998,12.09473155,11.39679497,
Norway,0.360492347,2.155172777,5.274259529,2.471610529,5.867015388,4.18722444,3.250563343,4.579269758,3.448293243,2.962949511,10.63720653,6.223863235,7.25843583,7.419472836,9.411768132,11.68922348,9.161472765,9.103839712,8.161671543,4.509727612,10.87866109,13.64296081,11.34099617,8.465244322,6.218274112,5.71485464,7.176492748,8.717047452,6.676365988,4.546143355,4.131033483,3.438195991,2.328085049,2.288269332,1.375674981,2.460367787,1.262532492,2.566923359,2.2524133,2.365967366,3.085506091,3.00419704,1.286725284,2.487825535,0.454498502,1.532133676,2.329349808,0.712589074,3.753930818,2.197385869,2.418906395,1.284951588,0.696864111,2.120486204,2.041702867,2.171136654,3.55,1.875100596,2.764831345,2.167730033,1.286584907
Pakistan,6.947368421,1.640419948,-0.516462234,1.456488448,4.179586881,5.568635479,7.227621598,6.811399634,0.170627348,3.186986796,5.34984091,4.730691482,5.183237645,23.07008403,26.66303485,20.90450946,7.158323731,10.13296769,6.138692667,8.267046976,11.93823091,11.87991359,5.903528784,6.3620335,6.087166736,5.614839218,3.506414248,4.681218546,8.837937018,7.844264737,9.052131553,11.79127034,9.509041462,9.97366476,12.36819439,12.34357852,10.37380859,11.37549289,6.228004154,4.142637181,4.366664513,3.148261446,3.290344726,2.914134701,7.444624693,9.06332737,7.921084401,7.598684411,20.28612109,13.64776506,12.93887056,11.91609271,9.682351861,7.692156119,7.189384028,2.529328173,3.765119164,4.08537368,5.078057259,10.5783618,9.739993139
Panama,0.051177072,0.613810742,0.788002034,0.449887528,2.413535705,0.461613217,0.193470375,1.375814627,1.61904762,1.827553889,3.083294984,1.919642857,5.409548839,6.856430501,16.26806663,5.881041307,3.949999999,4.585537919,4.200521233,7.988818596,13.80790191,7.302328365,4.250571763,2.102841244,1.582643329,1.026619893,-0.066384108,0.996423097,0.359220845,0.205867258,0.769485355,1.256260777,1.82452157,0.453930079,1.268431901,0.994206983,1.255716611,1.324351221,0.559081293,1.247182569,1.498961116,0.307062436,1.005830904,0.391666667,0.474723078,2.855883248,2.457893464,4.168633003,8.758683177,2.409053041,3.491288726,5.875802437,5.698199592,4.027159916,2.626526999,0.137492058,0.739734025,0.875585919,0.761578359,-0.355083821,-1.550275408
Peru,8.664459163,5.916708988,6.641093264,6.070143884,9.792284867,16.38996139,8.840603749,9.783602561,19.08661855,6.236158061,5.025235901,6.790639365,7.219722168,9.489051095,16.89166667,23.6187353,33.48327566,38.05409142,57.84878263,66.69442297,59.14507124,75.43326876,64.44815854,111.1506352,110.2085196,163.3995052,77.92102555,85.82230624,667.0193286,3398.67901,7481.663611,409.5301666,73.52829424,48.57998645,23.73690506,11.12870297,11.53794241,8.56218949,7.247821752,3.469659963,3.757338333,1.977098785,0.193135004,2.259377534,3.662473201,1.616301939,2.002258012,1.779986447,5.785875982,2.936231536,1.528320597,3.369310953,3.655709068,2.806716509,3.244963042,3.549288049,3.592113241,2.80283917,1.317647659,2.137153426,1.826052698
Philippines,4.15482178,1.595633005,5.796652201,5.62554937,8.183079057,2.564102564,5.4,6.253953194,2.358806459,1.955510323,14.38146168,21.40334354,8.204034135,16.58003226,34.16359164,6.761402705,9.199227136,9.898751597,7.334525939,17.53333333,18.20051049,13.08259852,10.22172714,10.02935656,50.33897564,23.10310718,1.148137777,4.069767442,13.86006917,12.24299065,12.17735221,19.26145853,8.651003579,6.716311041,10.38647343,6.83199611,7.476103778,5.590259397,9.234934323,5.939049018,3.977125032,5.345501956,2.722772277,2.289156627,4.829210836,6.516853933,5.485232068,2.9,8.260447036,4.219030521,3.789836348,4.718417047,3.026963911,2.582687661,3.597823439,0.674192537,1.253698801,2.853187726,5.211604606,2.480278587,2.635228849
Poland,,,,,,,,,,,,1.099999999,-0.098911967,2.475247525,7.053140096,2.25631769,4.413062666,4.902789518,8.101265823,7.025761124,9.682713348,19.12718204,103.5587189,25.53475936,15.40099943,11.52126074,16.54996817,26.37902785,58.72082973,244.550933,567.8788007,76.76949921,46.0985621,36.96416661,32.99127661,27.95138856,19.79496692,14.91315861,11.59785543,7.154072912,9.900175388,5.408335456,1.90528215,0.682701376,3.382646819,2.183798724,1.284693944,2.458743124,4.164971935,3.795392425,2.580693703,4.239401496,3.560371517,0.991982606,0.053821313,-0.874125874,-0.664767331,2.075935537,1.812951565,2.227478809,3.374469726
Romania,,,,,,,,,,,,,,,,,,,,,,,,,,,,,,,,230.6224949,211.2055876,255.1668618,136.7593928,32.24248473,38.82930134,154.7634804,59.09658275,45.80378113,45.66659404,34.47701235,22.53988626,15.27348899,11.87436359,9.014912833,6.558514123,4.837329283,7.850802557,5.587420043,6.091416686,5.789253288,3.334922677,3.984712355,1.068309877,-0.594156437,-1.544796668,1.339021211,4.625484431,3.827854326,2.631073112
Russia,,,,,,,,,,,,,,,,,,,,,,,,,,,,,,,,,,874.2457204,307.7226356,197.4142681,47.7520122,14.76132927,27.68567981,85.7464941,20.79876066,21.47700721,15.78873079,13.66329302,10.88861573,12.68530395,9.668654548,9.007298689,14.11076778,11.64732958,6.849392303,8.440464859,5.074743008,6.753710262,7.823411839,15.53440505,7.04244763,3.683329444,2.878297236,4.470366608,3.381659372
Slovakia,,,,,,,,,,,,,,,,,,,,,,,,,,,,,,,,,9.893505198,23.28702766,13.41552034,9.841095798,5.775827862,6.141989996,6.665651232,10.57044161,12.0357806,7.329620191,3.12714223,8.554143054,7.548500882,2.709084946,4.483331204,2.756723716,4.598179763,1.615104641,0.957018133,3.919285991,3.606102635,1.40047369,-0.07616533,-0.325219777,-0.520010196,1.311945882,2.514037129,2.664561334,1.936941267
Slovenia,,,,,,,,,,,,,,,,,,,,,,42.62295273,30.1125436,40.21349184,53.67196691,79.40638115,95.88650521,132.072721,198.7537129,1281.443494,552.0835289,114.8329356,209.9337312,31.76213063,20.99181805,13.46372962,9.864450615,8.359679907,7.891166829,6.155587545,8.911744187,8.379665875,7.480777707,5.544164218,3.592975942,2.451501323,2.457924442,3.657495633,5.647423806,0.839262247,1.801170221,1.802851719,2.59741386,1.769200859,0.199343827,-0.525552286,-0.054999542,1.429107433,1.73860862,1.630522608,-0.054856816
Soviet Union,,,,,,,,,,,,,,,,,,,,,,,,,,,,,,,,,,874.2457204,307.7226356,197.4142681,47.7520122,14.76132927,27.68567981,85.7464941,20.79876066,21.47700721,15.78873079,13.66329302,10.88861573,12.68530395,9.668654548,9.007298689,14.11076778,11.64732958,6.849392303,8.440464859,5.074743008,6.753710262,7.823411839,15.53440505,7.04244763,3.683329444,2.878297236,4.470366608,3.381659372
South Africa,1.28887812,2.102342706,1.246289513,1.337967944,2.534979686,4.069023471,3.489249619,3.538965883,1.986127529,3.23823316,4.991859976,5.957448096,6.425693925,9.433972641,11.72412209,13.42594374,11.0204016,11.15196487,11.13560797,13.2936509,13.6602472,15.25423772,14.63903727,12.30320716,11.52648044,16.29422614,18.65492687,16.16059499,12.77954421,14.73088597,14.32097583,15.33478204,13.8747029,9.71744832,8.938543571,8.680426268,7.354128857,8.597770743,6.880552536,5.181487799,5.338951583,5.701904835,9.494706671,5.679418064,-0.692030138,2.062852225,3.243901675,6.17781207,10.05528203,7.264562145,4.063538973,5.017157733,5.723943662,5.776404135,6.136020151,4.509208278,6.594604415,5.181082233,4.504577493,4.124350725,3.223885042
South Asia,,,,,,7.020252404,9.014734973,4.500319483,2.2086412,3.622289209,5.608398494,2.872659446,6.395791756,14.18529425,23.23468644,7.105988883,-0.891858526,9.103161467,6.742391959,7.271365172,13.31136684,11.87991359,9.90443093,12.37723808,7.032819826,5.556424232,8.729720727,8.259145709,9.183237622,8.311445346,9.011682028,12.23316624,11.58562705,8.739529476,8.398999608,9.860255743,9.098809481,6.838768961,9.970631796,5.399200764,4.01021482,3.148261446,3.332564933,3.805858995,3.767251735,6.941475411,6.77492886,7.196728975,10.9746442,4.976824477,7.581529776,10.25024503,9.386127704,7.458089097,6.820569522,4.156391615,4.171390211,4.519958939,3.334144217,3.625835033,5.691074747
Spain,1.177758035,0.809255325,5.70648671,8.74369245,6.979250995,13.21413526,6.240359156,6.39164209,4.954360592,2.160340151,5.73115584,8.23688063,8.272287728,11.41670926,15.68037832,16.95328243,17.62487561,24.5380634,19.77368321,15.66022668,15.5618949,14.54935868,14.41499582,12.17408352,11.28026367,8.814454809,8.794939747,5.248021767,4.837264699,6.791437533,6.721825301,5.934211113,5.924534287,4.569070885,4.718413284,4.673803185,3.558840831,1.971078904,1.834329229,2.31034695,3.433516755,3.589834949,3.065765372,3.039233684,3.03920165,3.368453988,3.515374911,2.787030473,4.075660764,-0.287996835,1.79988133,3.196146412,2.446000185,1.408546292,-0.150870313,-0.500461321,-0.202671741,1.956083333,1.675067615,0.699536242,-0.322671033
Sweden,4.141779151,2.15797311,4.766197219,2.871740345,3.387662311,5.012771296,6.404808253,4.28931923,1.943125825,2.691994586,7.016358851,7.395541138,6.007389699,6.717997398,9.911725301,9.779873988,10.24922465,11.44180511,9.995265417,7.20978617,13.70632236,12.10393853,8.58918509,8.873021524,8.04424239,7.372574581,4.235910111,4.188571518,5.824898684,6.443275874,10.36655339,9.444627329,2.374367251,4.728173046,2.158138007,2.455148578,0.533131979,0.658410256,-0.267132668,0.462175756,0.899143734,2.405958341,2.158482136,1.925655349,0.373659829,0.453170853,1.360214686,2.212168834,3.437049106,-0.494460544,1.157988027,2.961150738,0.888377507,-0.04429297,-0.179638494,-0.046784745,0.984269245,1.794499047,1.953535301,1.784150974,0.497367319
Switzerland,1.438794703,1.845397874,4.315992878,3.44021288,3.080556871,3.414478608,4.775979596,4.005196216,2.39582227,2.48903599,3.615986786,6.573221119,6.660007042,8.75467033,9.767414319,6.696595225,1.715476323,1.295999163,1.028792895,3.647640106,4.022500848,6.49030964,5.655101824,2.949794435,2.931456691,3.435399353,0.750309839,1.44032188,1.872468597,3.155269797,5.403959092,5.859596635,4.037030208,3.292621803,0.852116995,1.799827769,0.811634065,0.520225423,0.017938438,0.806444381,1.558529197,0.98902033,0.642711507,0.638272931,0.802908731,1.171954203,1.059509283,0.732350603,2.426041171,-0.480481936,0.688238707,0.231349208,-0.692552018,-0.217323155,-0.013202539,-1.143908672,-0.434618664,0.53378784,0.936335464,0.36288618,-0.725874933
Syria,5.118909513,1.958890882,-3.846153846,1.916666667,5.396565822,-3.87897595,3.793381759,6.454121306,2.848794741,-1.988636364,4.637681159,5.609418283,2.098360656,20.35966602,15.52828175,11.46496815,11.42857143,11.96581197,4.809160305,4.552075747,19.2964124,18.39416058,14.30332922,6.127292341,9.229518195,17.25293132,36.06349206,59.48436771,34.56221198,11.39921722,19.39686722,9,11.00917431,13.2231405,15.32846715,7.979957806,8.249890099,1.886111362,-0.797165633,-3.703703704,-3.846153846,3,-0.130505282,5.796829449,4.433141367,7.240349393,10.02411054,3.907709504,15.74532522,2.920897118,4.397413832,4.753163889,36.70229534,,,,,,,,
Turkey,5.664739884,3.172856997,3.888320251,6.362706928,1.119637815,4.555533684,8.471996215,13.97489295,6.046239662,4.924193945,7.923952083,19.01140868,15.41645572,13.93816524,23.89816158,21.22735524,17.45568939,25.98533787,61.89704444,63.54310825,94.26085988,37.61478258,29.1375145,31.39027102,48.39232313,44.96173015,34.61007597,38.85584348,68.80964338,63.27255249,60.30386913,65.97856799,70.07610387,66.09384298,105.2149865,89.11331722,80.41215114,85.66936165,84.64134348,64.86748764,54.91537058,54.40018876,44.96412095,21.60243845,8.598261681,8.179160368,9.597242123,8.75618091,10.44412838,6.250976631,8.566444206,6.471879671,8.891569965,7.493090305,8.854572714,7.670853648,7.775134153,11.14431108,16.3324639,15.17682157,12.27895745
United Arab Emirates,,,,,,,,,,,,,,,,,,,,,,,,,,,,,,,,,,,,,,,,,,,,,,,,,12.25042024,1.561813174,0.877983288,0.877346596,0.6622689,1.101118364,2.346268657,4.069966084,1.617488089,1.966825578,3.068633793,-1.931081148,-2.079403179
UK,1.003575704,3.44749623,4.196498882,2.01854356,3.281586947,4.773774554,3.909617792,2.482115605,4.697427988,5.44666363,6.366568417,9.444837423,7.071098395,9.196033167,16.04401119,24.20728767,16.55952256,15.84026675,8.263141039,13.42127998,17.96592427,11.87662651,8.598863833,4.609303273,4.960710978,6.07139434,3.427609404,4.148922321,4.155351716,5.760249092,8.063460909,7.461782957,4.591549296,2.558577969,2.219012605,2.697495183,2.851782364,2.201143135,1.820561637,1.752950801,1.182956242,1.532349603,1.520402459,1.376500385,1.390397567,2.08913649,2.455661664,2.386561508,3.521408563,1.961731736,2.492654725,3.856112447,2.573234797,2.291666667,1.451120163,0.368046842,1.008417368,2.557755776,2.292839903,1.738104601,0.989486704
USA,1.457975986,1.070724148,1.198773348,1.239669421,1.278911565,1.585169264,3.015075377,2.772785623,4.271796153,5.4623862,5.838255338,4.292766688,3.272278247,6.177760064,11.0548048,9.143146865,5.744812635,6.501683995,7.630963839,11.25447113,13.54920197,10.33471534,6.131427,3.212435233,4.300535475,3.545644152,1.898047722,3.664563218,4.077741107,4.82700303,5.39795644,4.234963965,3.028819678,2.951656966,2.607441592,2.805419689,2.9312042,2.337689937,1.552279099,2.188027197,3.376857271,2.826171119,1.586031627,2.270094973,2.677236693,3.392746845,3.225944101,2.852672482,3.839100297,-0.355546266,1.640043442,3.156841569,2.069337265,1.464832656,1.622222977,0.118627136,1.261583206,2.130110004,2.442583297,1.812210075,1.233584396
Thailand,,,,,,,,,,,,,,,,,,,,,,,,,,,,,,,,,,5.620668359,8.585477108,5.818181818,7.313482593,5.608028434,8.614831536,4.290728517,2.158518106,3.838284639,3.225083615,3.125444736,4.229497702,5.444812131,4.866320488,4.816767674,10.44698751,4.219030521,3.534912392,5.159004977,3.014899503,2.621050017,3.142990509,0.724470135,1.596914927,2.853187726,2.394464348,2.621399391,
Taiwan,,,,,,,,,,,,,,,,,,,,,,,,,,,,7.233835531,18.81181794,18.24563836,3.052290121,3.556685652,6.35398134,14.61007864,24.25698972,16.79122517,8.313160289,2.786465055,-0.773186012,-1.401472683,0.347811227,0.719125609,-0.731970902,1.127603487,3.824637431,1.776414077,1.649430995,4.816767674,5.92525137,-0.728165251,3.175324753,5.553898923,2.619524326,2.621050017,1.921641628,1.437023809,2.000001822,1.593136001,2.0747904,2.899234164,2.419421895
West Germany,,,,,,,,,,,,,,,,,,,,,,,,,,,,,,,,,,874.2457204,307.7226356,197.4142681,47.7520122,14.76132927,27.68567981,85.7464941,20.79876066,21.47700721,15.78873079,13.66329302,10.88861573,12.68530395,9.668654548,9.007298689,14.11076778,11.64732958,6.849392303,8.440464859,5.074743008,6.753710262,7.823411839,15.53440505,7.04244763,3.683329444,2.878297236,4.470366608,3.381659372
